{"cameraMode":{"drawMode":0,"name":"Shaded","section":"Shading Mode"},"sceneLighting":false,"audioPlay":false,"sceneViewState":{"m_AlwaysRefresh":false,"showFog":true,"showSkybox":true,"showFlares":true,"showImageEffects":true,"showParticleSystems":true,"showVisualEffectGraphs":true,"m_FxEnabled":true},"in2DMode":false,"pivot":{"x":-2.377991199493408,"y":0.6198232769966126,"z":65.99508666992188},"rotation":{"x":0.0003018438583239913,"y":-0.16129784286022187,"z":0.00006839537672931328,"w":0.9868867993354797},"size":12.12435531616211,"orthographic":false}