{"cameraMode":{"drawMode":0,"name":"Shaded","section":"Shading Mode"},"sceneLighting":false,"audioPlay":false,"sceneViewState":{"m_AlwaysRefresh":false,"showFog":true,"showSkybox":true,"showFlares":true,"showImageEffects":true,"showParticleSystems":true,"showVisualEffectGraphs":true,"m_FxEnabled":true},"in2DMode":false,"pivot":{"x":3.536750555038452,"y":-1.9274590015411378,"z":34.23746109008789},"rotation":{"x":-0.1048944890499115,"y":-0.06319409608840943,"z":0.006726243998855352,"w":-0.9924072623252869},"size":10.240303039550782,"orthographic":false}