{"cameraMode":{"drawMode":0,"name":"Shaded","section":"Shading Mode"},"sceneLighting":false,"audioPlay":false,"sceneViewState":{"m_AlwaysRefresh":false,"showFog":true,"showSkybox":true,"showFlares":true,"showImageEffects":true,"showParticleSystems":true,"showVisualEffectGraphs":true,"m_FxEnabled":true},"in2DMode":false,"pivot":{"x":-11.571426391601563,"y":-1.9923949241638184,"z":32.610042572021487},"rotation":{"x":0.07441496104001999,"y":-0.6920204162597656,"z":0.0721084326505661,"w":0.7143728137016296},"size":10.449999809265137,"orthographic":false}