{"cameraMode":{"drawMode":0,"name":"Shaded","section":"Shading Mode"},"sceneLighting":false,"audioPlay":false,"sceneViewState":{"m_AlwaysRefresh":false,"showFog":true,"showSkybox":true,"showFlares":true,"showImageEffects":true,"showParticleSystems":true,"showVisualEffectGraphs":true,"m_FxEnabled":true},"in2DMode":false,"pivot":{"x":-2.8586342334747316,"y":1.1800161600112916,"z":24.27091407775879},"rotation":{"x":0.0019843047484755518,"y":0.6765594482421875,"z":0.0018160836771130562,"w":-0.7363641858100891},"size":1.1927225589752198,"orthographic":false}