{"cameraMode":{"drawMode":0,"name":"Shaded","section":"Shading Mode"},"sceneLighting":false,"audioPlay":false,"sceneViewState":{"m_AlwaysRefresh":false,"showFog":true,"showSkybox":true,"showFlares":true,"showImageEffects":true,"showParticleSystems":true,"showVisualEffectGraphs":true,"m_FxEnabled":true},"in2DMode":false,"pivot":{"x":26.932153701782228,"y":-3.57051944732666,"z":21.524173736572267},"rotation":{"x":-0.057742614299058917,"y":-0.8205172419548035,"z":0.08424084633588791,"w":-0.5624237656593323},"size":12.440902709960938,"orthographic":false}