{"cameraMode":{"drawMode":0,"name":"Shaded","section":"Shading Mode"},"sceneLighting":true,"audioPlay":false,"sceneViewState":{"m_AlwaysRefresh":false,"showFog":true,"showSkybox":true,"showFlares":true,"showImageEffects":true,"showParticleSystems":true,"showVisualEffectGraphs":true,"m_FxEnabled":true},"in2DMode":false,"pivot":{"x":-3.4077725410461427,"y":-1.1879606246948243,"z":23.859792709350587},"rotation":{"x":0.03747018054127693,"y":-0.4864385724067688,"z":0.020881274715065957,"w":0.8726570010185242},"size":3.1947765350341799,"orthographic":false}