{"cameraMode":{"drawMode":0,"name":"Shaded","section":"Shading Mode"},"sceneLighting":true,"audioPlay":false,"sceneViewState":{"m_AlwaysRefresh":false,"showFog":true,"showSkybox":true,"showFlares":true,"showImageEffects":true,"showParticleSystems":true,"showVisualEffectGraphs":true,"m_FxEnabled":true},"in2DMode":false,"pivot":{"x":3.174248456954956,"y":0.8885406255722046,"z":39.053096771240237},"rotation":{"x":-0.0005295923911035061,"y":-0.43768954277038576,"z":-0.0002624017361085862,"w":0.8991414308547974},"size":0.7778772115707398,"orthographic":false}